{
  "generatedAt": "2026-07-12T09:42:01.482Z",
  "node": "v24.13.1",
  "v8": "13.6.233.17-node.40",
  "note": "Different functions intentionally return different size metrics; agreement checking is disabled.",
  "report": {
    "candidates": [
      {
        "name": "stringifyLength",
        "isAsync": false,
        "nsPerOp": 34198.77049180577,
        "opsPerSec": 29240.81730480942,
        "band": {
          "q1": 33381.65163934478,
          "med": 34198.77049180577,
          "q3": 35476.25819672036
        },
        "calls": 21472,
        "measuredMs": 750.8186709999992,
        "perInput": [
          {
            "inputIndex": 0,
            "nsPerOp": 34198.77049180577,
            "band": {
              "q1": 33381.65163934478,
              "med": 34198.77049180577,
              "q3": 35476.25819672036
            },
            "calls": 21472,
            "measuredMs": 750.8186709999992
          }
        ],
        "vsFastest": 1,
        "tiedWithNext": false,
        "agrees": null
      },
      {
        "name": "objectSizeof",
        "isAsync": false,
        "nsPerOp": 102607.66666666635,
        "opsPerSec": 9745.860445775686,
        "band": {
          "q1": 100253.45833332722,
          "med": 102607.66666666635,
          "q3": 105708.3333333253
        },
        "calls": 7224,
        "measuredMs": 750.2853879999989,
        "perInput": [
          {
            "inputIndex": 0,
            "nsPerOp": 102607.66666666635,
            "band": {
              "q1": 100253.45833332722,
              "med": 102607.66666666635,
              "q3": 105708.3333333253
            },
            "calls": 7224,
            "measuredMs": 750.2853879999989
          }
        ],
        "vsFastest": 3.0003320350727742,
        "tiedWithNext": false,
        "agrees": null
      },
      {
        "name": "heapEstimate",
        "isAsync": false,
        "nsPerOp": 170760.4500000116,
        "opsPerSec": 5856.156973116035,
        "band": {
          "q1": 164969.7749999973,
          "med": 170760.4500000116,
          "q3": 177885.4000000024
        },
        "calls": 4340,
        "measuredMs": 751.0094549999982,
        "perInput": [
          {
            "inputIndex": 0,
            "nsPerOp": 170760.4500000116,
            "band": {
              "q1": 164969.7749999973,
              "med": 170760.4500000116,
              "q3": 177885.4000000024
            },
            "calls": 4340,
            "measuredMs": 751.0094549999982
          }
        ],
        "vsFastest": 4.993175121337383,
        "tiedWithNext": false,
        "agrees": null
      }
    ],
    "inputCount": 1,
    "floorNs": 3.048560994323383,
    "disagreements": [],
    "ok": true
  }
}
