{
  "generatedAt": "2026-07-12T01:23:03.702Z",
  "node": "v24.13.1",
  "v8": "13.6.233.17-node.40",
  "note": "Different functions intentionally return different size metrics; agreement checking is disabled.",
  "report": {
    "candidates": [
      {
        "name": "stringifyLength",
        "isAsync": false,
        "nsPerOp": 91194.45833332899,
        "opsPerSec": 10965.578591901438,
        "band": {
          "q1": 87749.99999999502,
          "med": 91194.45833332899,
          "q3": 96534.70833333227
        },
        "calls": 8040,
        "measuredMs": 750.5660390000022,
        "perInput": [
          {
            "inputIndex": 0,
            "nsPerOp": 91194.45833332899,
            "band": {
              "q1": 87749.99999999502,
              "med": 91194.45833332899,
              "q3": 96534.70833333227
            },
            "calls": 8040,
            "measuredMs": 750.5660390000022
          }
        ],
        "vsFastest": 1,
        "tiedWithNext": false,
        "agrees": null
      },
      {
        "name": "objectSizeof",
        "isAsync": false,
        "nsPerOp": 208969.68181818922,
        "opsPerSec": 4785.383177594318,
        "band": {
          "q1": 203090.90909090728,
          "med": 208969.68181818922,
          "q3": 219993.38636364677
        },
        "calls": 3520,
        "measuredMs": 751.3820270000006,
        "perInput": [
          {
            "inputIndex": 0,
            "nsPerOp": 208969.68181818922,
            "band": {
              "q1": 203090.90909090728,
              "med": 208969.68181818922,
              "q3": 219993.38636364677
            },
            "calls": 3520,
            "measuredMs": 751.3820270000006
          }
        ],
        "vsFastest": 2.2914734693019905,
        "tiedWithNext": false,
        "agrees": null
      },
      {
        "name": "heapEstimate",
        "isAsync": false,
        "nsPerOp": 239208.28571427983,
        "opsPerSec": 4180.457198687678,
        "band": {
          "q1": 229223.21428570416,
          "med": 239208.28571427983,
          "q3": 254991.07142858132
        },
        "calls": 3069,
        "measuredMs": 753.1113750000028,
        "perInput": [
          {
            "inputIndex": 0,
            "nsPerOp": 239208.28571427983,
            "band": {
              "q1": 229223.21428570416,
              "med": 239208.28571427983,
              "q3": 254991.07142858132
            },
            "calls": 3069,
            "measuredMs": 753.1113750000028
          }
        ],
        "vsFastest": 2.6230572568339494,
        "tiedWithNext": false,
        "agrees": null
      }
    ],
    "inputCount": 1,
    "floorNs": 7.2009604806635075,
    "disagreements": [],
    "ok": true
  }
}
